{
  "channel": {
    "mean": [
      1.0000146688794644,
      0.007307872313540951,
      -0.005733701321450214,
      0.5024745572072704,
      -0.0076769081669860245,
      -0.0076769081669860245,
      0.49754011167752316,
      0.0002607577798700586,
      -0.001130137835267956,
      -0.001130137835267956,
      -0.0002607577798700586
    ],
    "std": [
      0.0028454277973744076,
      0.5740187058308922,
      0.5643068406690888,
      0.3203980084478695,
      0.33086093085356133,
      0.33086093085356133,
      0.32043625216758354,
      0.4073318239392108,
      0.43154918444044144,
      0.43154918444044144,
      0.4073318239392108
    ]
  },
  "label": {
    "alpha": {
      "mean": -3.0228571428571427,
      "std": 1.4538786969022286
    },
    "zeta": {
      "mean": 9.022857142857143,
      "std": 5.210927294187295
    }
  },
  "meta": {
    "num_files": 45,
    "split": "train",
    "crop_size": 224,
    "num_labels": 175,
    "total_trajectories": 175,
    "compute_time_seconds": 472.8
  }
}