k,alpha_mse,zeta_mse,avg_mse
1,1.7814786138459329,0.4941084690704356,1.1377935414581843
3,0.7327099644347145,0.5425943784227699,0.6376521714287422
5,0.5486186718081519,0.6980789168204414,0.6233487943142968
10,0.5379791852972321,0.44194947094341597,0.48996432812032403
20,0.5741411287009003,0.5499277212236716,0.562034424962286
