k,alpha_mse,zeta_mse,avg_mse
1,1.7266229660093007,1.3081172217851507,1.5173700938972257
3,1.1935757626088368,1.3519386367395236,1.27275719967418
5,1.087684450214456,1.6107794526066124,1.3492319514105344
10,0.9902614578617254,1.172511627238111,1.0813865425499185
20,0.904792773738465,0.8026483601742344,0.8537205669563497
