k,alpha_mse,zeta_mse,avg_mse
1,0.582825145405459,0.9720691497506961,0.7774471475780775
3,0.6951878112257229,0.9586932098143098,0.8269405105200165
5,0.7783246049782341,1.0548815897447115,0.9166030973614728
10,0.33936414553160715,0.77983614103449,0.5596001432830485
20,0.28837871202853355,0.5744594171442485,0.43141906458639107
