k,alpha_mse,zeta_mse,avg_mse
1,1.2470913506415116,0.6927189672605888,0.9699051589510501
3,0.8580470228193278,0.6753324406207,0.7666897317200139
5,0.7595468508922404,0.7754120819953272,0.7674794664437838
10,0.5799377459452019,0.9915899232627782,0.7857638346039901
20,0.501024204403243,0.8956756345504999,0.6983499194768715
