k,alpha_mse,zeta_mse,avg_mse
1,0.7186109253843007,1.7255058290781002,1.2220583772312006
3,0.4406446916693003,1.0843394414018765,0.7624920665355883
5,0.34999279644393244,0.9635380742325167,0.6567654353382246
10,0.21444641852843768,0.618724516180155,0.4165854673542964
20,0.21158979486264506,0.5722539155947212,0.39192185522868306
