k,alpha_mse,zeta_mse,avg_mse
1,1.3203900331845977,0.9615083171078838,1.1409491751462406
3,0.6074249920213847,1.108886082117463,0.8581555370694238
5,0.5285847735432724,0.9709912743413026,0.7497880239422874
10,0.5341020298574207,1.001634243451913,0.7678681366546669
20,0.46555810424820837,0.8143108387763407,0.6399344715122746
