k,alpha_mse,zeta_mse,avg_mse
1,1.3563811929017573,0.42463065636254543,0.8905059246321514
3,0.6676833717200324,0.5736330579477528,0.6206582148338925
5,0.5888535877719399,0.7577548752532914,0.6733042315126156
10,0.4723650476142587,0.7729984769529259,0.6226817622835922
20,0.39423733069624306,0.7537355899156711,0.5739864603059571
