k,alpha_mse,zeta_mse,avg_mse
1,0.10783964326105162,0.16124867044104427,0.13454415685104795
3,0.10085710035969582,0.1166412084526942,0.10874915440619501
5,0.08469415677491261,0.10882344056135491,0.09675879866813375
10,0.07981274441417839,0.10789359777092618,0.09385317109255228
20,0.08782382975197078,0.11661414863736808,0.10221898919466944
