k,alpha_mse,zeta_mse,avg_mse
1,0.15890179032450824,0.18734587169749903,0.1731238310110036
3,0.08845491713326166,0.14258028507666284,0.11551760110496224
5,0.08186348603775213,0.12340772563115864,0.10263560583445538
10,0.11405263769069779,0.10860900591339027,0.11133082180204402
20,0.13578022254385183,0.114331619548812,0.12505592104633195
