k,alpha_mse,zeta_mse,avg_mse
1,0.32351891646504766,0.1968930730838072,0.2602059947744274
3,0.19330227197646974,0.13457510860588281,0.16393869029117628
5,0.19808616327002268,0.13254718811177071,0.16531667569089667
10,0.21945449465198752,0.11333149831817037,0.16639299648507894
20,0.24481382714929878,0.11486388789169821,0.1798388575204985
