k,alpha_mse,zeta_mse,avg_mse
1,0.09635813510358376,0.7699847342535706,0.43317143467857633
3,0.06225171091540773,0.5963535885351199,0.3293026497252637
5,0.058610294212923936,0.563907514728113,0.31125890447051785
10,0.057577321546708735,0.547937938298482,0.3027576299225957
20,0.0655363062920759,0.5510504809381334,0.3082933936151044
