k,alpha_mse,zeta_mse,avg_mse
1,0.521685090602455,0.9089750074592623,0.7153300490308585
3,0.5881590185288726,0.8142939154701804,0.7012264669995267
5,0.4646479758891861,1.021258466088366,0.7429532209887759
10,0.3098282058477614,0.9905951724825913,0.6502116891651765
20,0.23689172286890434,0.6996162186803576,0.46825397077463093
