k,alpha_mse,zeta_mse,avg_mse
1,0.26360801182906374,0.23762967013452763,0.25061884098179565
3,0.25767027730281095,0.12297672913308318,0.19032350321794708
5,0.29709514129129544,0.11904680471818004,0.20807097300473773
10,0.2889082085278531,0.13290609581579588,0.21090715217182449
20,0.2748679698862568,0.13415870772200808,0.20451333880413244
