k,alpha_mse,zeta_mse,avg_mse
1,0.19171493851853727,0.2715767290629743,0.2316458337907558
3,0.14896071747303458,0.15559295385282457,0.15227683566292954
5,0.14022142070189966,0.14728348814209172,0.1437524544219957
10,0.14066959540796226,0.1352269537597444,0.13794827458385328
20,0.13958149631327302,0.1271167013583446,0.1333490988358088
