k,alpha_mse,zeta_mse,avg_mse
1,0.26360800650182253,0.2045312403086119,0.23406962340521723
3,0.15412620870007224,0.16675407942016016,0.1604401440601162
5,0.1473580296095998,0.14721129353234555,0.14728466157097267
10,0.10836775404992116,0.13908720442163866,0.1237274792357799
20,0.1317223382897366,0.20686977029463746,0.16929605429218703
